INSERT INTO public.groups(
	id, full_name, short_name) VALUES 
	(1, 'Математическое обеспечение', 'MO-201'),
	(2, 'Фундаментальная информатика', 'ФИТ-201');

INSERT INTO public.students (first_name, second_name, group_id) VALUES
	('Илья', 		'Максимов',		1),
	('Милана', 		'Головина',		1),
	('Софья', 		'Абрамова',		1),
	('София', 		'Тихонова',		1),
	('Егор', 		'Озеров',		1),
	('Варвара', 	'Киселева',		1),
	('Даниил', 		'Матвеев',		1),
	('Варвара', 	'Попова',		1),
	('Софья', 		'Чернова',		1),
	('Камила', 		'Колпакова',	1),
	('Асия', 		'Иванова',		1),
	('Юлия', 		'Дмитриева',	1),
	('Иван', 		'Смирнов',		1),
	('Полина', 		'Афанасьева',	1),
	('Фёдор', 		'Герасимов',	1),
	('Константин', 	'Сахаров',		1),
	('Вероника', 	'Кузнецова',	1),
	('Анастасия', 	'Беляева',		1),
	('София', 		'Копылова',		1),
	('Алиса', 		'Козлова',		1),
	('Давид', 		'Архипов', 		2),
	('Константин', 	'Борисов', 		2),
	('Роман', 		'Белов', 		2),
	('Лев', 		'Овсянников', 	2),
	('Роман', 		'Михайлов', 	2),
	('Ян', 			'Быков', 		2),
	('Таисия', 		'Карасева', 	2),
	('София', 		'Калинина', 	2),
	('Денис', 		'Худяков', 		2),
	('Полина', 		'Алексеева', 	2),
	('Кирилл', 		'Матвеев', 		2),
	('Каролина', 	'Егорова', 		2),
	('Александр', 	'Озеров', 		2),
	('Мария', 		'Волкова', 		2),
	('Екатерина', 	'Еремина', 		2),
	('Ангелина', 	'Нестерова', 	2),
	('Егор', 		'Ежов', 		2),
	('Татьяна', 	'Старостина', 	2),
	('Константин', 	'Винокуров', 	2),
	('Майя', 		'Никольская', 	2);


INSERT INTO public.lecturers (first_name, second_name) VALUES
	('Иван', 	'Исаев'),
	('Эмир', 	'Соколов'),
	('Аделина', 'Маркова'),
	('Сергей', 	'Жуков'),
	('Есения', 	'Ильинская'),
	('Елена', 	'Степанова');

INSERT INTO public.subjects (name, group_id) VALUES
	('Математический анализ', 	1), -- 1 lecturers 1, 2
	('Машинное обучени', 		1),	-- 2 lecturers 2
	('Проектная деятельность', 	1),	-- 3 lecturers 3
	('Web разработка', 			2),	-- 4 lecturers 3 4
	('СУБД', 					2),	-- 5 lecturers 5 6
	('Программная инженерия', 	2); -- 6 lecturers 6 1

INSERT INTO public.lecturer_subjects (subject_id, lecturer_id) VALUES
	(1, 1),
	(1, 2),
	(2, 2),
	(3, 3),
	(4, 3),
	(4, 4),
	(5, 5),
	(5, 6),
	(6, 6),
	(6, 1);

